[
    {"id": 1,
     "title": "СМС-реклама",
     "description": "Увеличивайте продажи и повышайте лояльность клиентов при помощи СМС‑рассылки",
     "url": "https://msk.rt.ru/b2o/suggestions-for-cooperation/sms-advertising"
     },
    {"id": 2,
        "title": "Умный развлекательный видеосервис",
        "description": "Тысячи фильмов, сериалов и сотни ТВ‑каналов на любой вкус в высоком качестве",
        "url": "https://msk.rt.ru/b2o/tvwink"
    },
    {"id": 3,
        "title": "Комплекс технологических ресурсов для вашего бизнеса",
        "description": "Услуги по размещению оборудования и его соединению, размещению кабелей связи в кабельной канализациии. Предоставляем операторам технологические ресурсы, снижая потребность в капиталовложениях. КТР включает линейно-кабельные сооружения связи, АМС/опоры, здания и сооружения",
        "url": "https://msk.rt.ru/b2o/rostelecom-infrastructure/technological-resources"
    },
    {"id": 4,
        "title": "Дата центры",
        "description": "услуги colocation в ЦОДах Tier III и Tier IV, расположенных в ключевых экономических центрах России",
        "url": "https://msk.rt.ru/b2o/rostelecom-infrastructure/data-center"
    }
]